{"cameraMode":{"drawMode":0,"name":"Shaded","section":"Shading Mode"},"sceneLighting":true,"audioPlay":false,"sceneViewState":{"showFog":false,"showMaterialUpdate":false,"showSkybox":false,"showFlares":false,"showImageEffects":false,"showParticleSystems":false},"in2DMode":false,"pivot":{"x":-0.0006000101566314697,"y":-0.0008000053348951042,"z":-0.2770000100135803},"rotation":{"x":0.193546861410141,"y":-0.46721234917640688,"z":0.1056150570511818,"w":0.8562342524528503},"size":0.44913655519485476,"orthographic":false}