{"cameraMode":{"drawMode":0,"name":"Shaded","section":"Shading Mode"},"sceneLighting":true,"audioPlay":false,"sceneViewState":{"showFog":false,"showMaterialUpdate":false,"showSkybox":false,"showFlares":false,"showImageEffects":false,"showParticleSystems":false},"in2DMode":false,"pivot":{"x":-0.001400001347064972,"y":-0.0028000001329928638,"z":0.16899999976158143},"rotation":{"x":-0.39153727889060976,"y":0.006069730501621962,"z":-0.002584857866168022,"w":-0.9201427102088928},"size":1.022606372833252,"orthographic":false}