{"cameraMode":{"drawMode":0,"name":"Shaded","section":"Shading Mode"},"sceneLighting":true,"audioPlay":false,"sceneViewState":{"showFog":false,"showMaterialUpdate":false,"showSkybox":false,"showFlares":false,"showImageEffects":false,"showParticleSystems":false},"in2DMode":false,"pivot":{"x":0.5199999809265137,"y":1.7969999313354493,"z":1.1740000247955323},"rotation":{"x":-0.2729257643222809,"y":-0.0944780483841896,"z":0.026944100856781007,"w":-0.9570162296295166},"size":12.003111839294434,"orthographic":false}