{"cameraMode":{"drawMode":0,"name":"Shaded","section":"Shading Mode"},"sceneLighting":true,"audioPlay":false,"sceneViewState":{"showFog":false,"showMaterialUpdate":false,"showSkybox":false,"showFlares":false,"showImageEffects":false,"showParticleSystems":false},"in2DMode":false,"pivot":{"x":-0.0011999979615211487,"y":0.07240000367164612,"z":-0.2884000241756439},"rotation":{"x":0.07417938858270645,"y":-0.7231403589248657,"z":0.07863360643386841,"w":0.6822223663330078},"size":0.4030982255935669,"orthographic":false}