{"cameraMode":{"drawMode":0,"name":"Shaded","section":"Shading Mode"},"sceneLighting":true,"audioPlay":false,"sceneViewState":{"showFog":false,"showMaterialUpdate":false,"showSkybox":false,"showFlares":false,"showImageEffects":false,"showParticleSystems":false},"in2DMode":false,"pivot":{"x":-0.28856971859931948,"y":0.13755664229393006,"z":-0.02750009298324585},"rotation":{"x":0.30702975392341616,"y":-0.03710780292749405,"z":0.011988346464931965,"w":0.9509202837944031},"size":0.7249640822410584,"orthographic":false}