{"cameraMode":{"drawMode":0,"name":"Shaded","section":"Shading Mode"},"sceneLighting":true,"audioPlay":false,"sceneViewState":{"showFog":false,"showMaterialUpdate":false,"showSkybox":false,"showFlares":false,"showImageEffects":false,"showParticleSystems":false},"in2DMode":false,"pivot":{"x":-0.43398594856262209,"y":0.3799075484275818,"z":0.0009083898621611297},"rotation":{"x":-0.0018096868880093098,"y":0.0035974711645394565,"z":-0.0000061014275161141999,"w":-0.999995768070221},"size":1.1337931156158448,"orthographic":false}